0.000000000000000000e+00,5.199999883770942827e-02
1.000000000000000000e+00,1.479999966919422205e-01
2.000000000000000000e+00,1.994999955408275072e-01
3.000000000000000000e+00,3.349999925121665001e-01
4.000000000000000000e+00,5.039999887347221819e-01
5.000000000000000000e+00,5.414999878965318647e-01
6.000000000000000000e+00,8.709999805316328558e-01
7.000000000000000000e+00,8.574999808333814144e-01
8.000000000000000000e+00,1.558999965153634593e+00
9.000000000000000000e+00,1.497499966528266668e+00
1.000000000000000000e+01,1.228499972540885166e+00
1.100000000000000000e+01,1.525999965891241983e+00
1.200000000000000000e+01,1.605999964103102640e+00
1.300000000000000000e+01,1.881999957934021861e+00
1.400000000000000000e+01,2.001999955251812846e+00
1.500000000000000000e+01,2.474999944679439068e+00
1.600000000000000000e+01,2.235999950021505533e+00
1.700000000000000000e+01,2.186499951127916397e+00
1.800000000000000000e+01,2.177499951329082251e+00
1.900000000000000000e+01,2.159999951720237732e+00
2.000000000000000000e+01,2.431499945651739658e+00
2.100000000000000000e+01,2.433499945607036530e+00
2.200000000000000000e+01,2.521999943628907115e+00
2.300000000000000000e+01,2.825499936845153659e+00
2.400000000000000000e+01,2.289999948814511299e+00
2.500000000000000000e+01,2.986999933235347182e+00
2.600000000000000000e+01,3.409499923791736276e+00
2.700000000000000000e+01,2.948499934095889508e+00
2.800000000000000000e+01,3.058499931637197911e+00
2.900000000000000000e+01,3.759499915968626649e+00
3.000000000000000000e+01,3.695499917399138301e+00
3.100000000000000000e+01,3.905999912694096743e+00
3.200000000000000000e+01,4.208499905932694851e+00
3.300000000000000000e+01,3.897999912872910588e+00
3.400000000000000000e+01,3.999499910604208619e+00
3.500000000000000000e+01,4.226999905519187806e+00
3.600000000000000000e+01,5.244499882776290534e+00
3.700000000000000000e+01,5.618499874416738926e+00
3.800000000000000000e+01,4.140999907441437422e+00
3.900000000000000000e+01,5.074999886564910412e+00
4.000000000000000000e+01,5.011999887973070500e+00
4.100000000000000000e+01,3.989499910827726037e+00
4.200000000000000000e+01,5.652999873645603301e+00
4.300000000000000000e+01,5.149499884899706004e+00
4.400000000000000000e+01,5.276499882061034263e+00
4.500000000000000000e+01,5.003499888163060128e+00
4.600000000000000000e+01,6.059999864548444748e+00
4.700000000000000000e+01,5.936999867297709343e+00
4.800000000000000000e+01,6.362499857787042856e+00
4.900000000000000000e+01,6.337499858345836401e+00
5.000000000000000000e+01,7.321499836351722301e+00
5.100000000000000000e+01,7.758499826584011494e+00
5.200000000000000000e+01,7.602499830070883036e+00
5.300000000000000000e+01,6.951999844610691426e+00
5.400000000000000000e+01,8.826999802701175568e+00
5.500000000000000000e+01,8.696499805618078227e+00
5.600000000000000000e+01,8.913499800767748837e+00
5.700000000000000000e+01,7.953499822225421845e+00
5.800000000000000000e+01,9.032999798096716049e+00
5.900000000000000000e+01,9.754999781958758831e+00
6.000000000000000000e+01,8.973499799426644330e+00
6.100000000000000000e+01,7.931499822717159809e+00
6.200000000000000000e+01,1.188599973432719636e+01
6.300000000000000000e+01,9.488499787915497308e+00
6.400000000000000000e+01,1.114799975082278216e+01
6.500000000000000000e+01,1.045799976624548400e+01
6.600000000000000000e+01,1.068249976122751832e+01
6.700000000000000000e+01,1.055749976402148604e+01
6.800000000000000000e+01,1.099699975419789588e+01
6.900000000000000000e+01,1.163199974000453985e+01
7.000000000000000000e+01,1.060999976284801960e+01
7.100000000000000000e+01,1.102749975351616740e+01
7.200000000000000000e+01,1.333449970195069945e+01
7.300000000000000000e+01,1.479449966931715643e+01
7.400000000000000000e+01,1.497799966521561110e+01
7.500000000000000000e+01,1.296199971027672326e+01
7.600000000000000000e+01,1.278849971415474940e+01
7.700000000000000000e+01,1.564549965029582346e+01
7.800000000000000000e+01,1.271549971578642690e+01
7.900000000000000000e+01,1.376799969226121867e+01
8.000000000000000000e+01,1.177399973683059287e+01
8.100000000000000000e+01,1.608049964057281755e+01
8.200000000000000000e+01,1.447849967638030577e+01
8.300000000000000000e+01,1.573799964822828734e+01
8.400000000000000000e+01,1.526949965870007908e+01
8.500000000000000000e+01,1.512149966200813722e+01
8.600000000000000000e+01,1.406399968564510417e+01
8.700000000000000000e+01,1.387399968989193511e+01
8.800000000000000000e+01,1.472549967085942590e+01
8.900000000000000000e+01,1.360849969582632113e+01
9.000000000000000000e+01,1.485949966786429322e+01
9.100000000000000000e+01,1.521899965982884240e+01
9.200000000000000000e+01,1.627449963623657681e+01
9.300000000000000000e+01,1.447599967643618513e+01
9.400000000000000000e+01,1.622599963732063699e+01
9.500000000000000000e+01,1.375799969248473609e+01
9.600000000000000000e+01,1.676799962520599507e+01
9.700000000000000000e+01,1.461549967331811750e+01
9.800000000000000000e+01,1.743949961019679762e+01
9.900000000000000000e+01,1.747699960935860730e+01
1.000000000000000000e+02,1.858649958455935192e+01
1.010000000000000000e+02,1.544949965467676556e+01
1.020000000000000000e+02,1.936349956719204712e+01
1.030000000000000000e+02,1.620599963776767183e+01
1.040000000000000000e+02,1.878299958016723537e+01
1.050000000000000000e+02,1.637999963387846947e+01
1.060000000000000000e+02,1.625499963667243719e+01
1.070000000000000000e+02,1.543199965506792104e+01
1.080000000000000000e+02,1.699899962004274201e+01
1.090000000000000000e+02,2.101849953019991446e+01
1.100000000000000000e+02,1.684849962340667773e+01
1.110000000000000000e+02,1.903149957461282682e+01
1.120000000000000000e+02,1.941099956613033939e+01
1.130000000000000000e+02,1.926499956939369440e+01
1.140000000000000000e+02,1.879149957997724485e+01
1.150000000000000000e+02,1.872849958138540316e+01
1.160000000000000000e+02,1.767949960483237959e+01
1.170000000000000000e+02,1.961449956158175922e+01
1.180000000000000000e+02,1.836299958955496692e+01
1.190000000000000000e+02,1.941699956599622823e+01
1.200000000000000000e+02,2.167249951558187604e+01
1.210000000000000000e+02,2.099299953076988601e+01
1.220000000000000000e+02,1.987399955578148436e+01
1.230000000000000000e+02,1.979249955760315061e+01
1.240000000000000000e+02,1.907299957368523025e+01
1.250000000000000000e+02,1.899199957549571849e+01
1.260000000000000000e+02,1.900449957521632172e+01
1.270000000000000000e+02,1.636399963423609805e+01
1.280000000000000000e+02,1.886849957825615931e+01
1.290000000000000000e+02,2.218449950413778282e+01
1.300000000000000000e+02,1.915499957185238600e+01
1.310000000000000000e+02,2.170149951493367624e+01
1.320000000000000000e+02,2.248099949751049209e+01
1.330000000000000000e+02,2.029149954644963216e+01
1.340000000000000000e+02,2.057149954019114446e+01
1.350000000000000000e+02,2.175399951376020979e+01
1.360000000000000000e+02,2.170449951486661888e+01
1.370000000000000000e+02,2.082499953452497721e+01
1.380000000000000000e+02,2.211649950565770339e+01
1.390000000000000000e+02,2.100549953049048924e+01
1.400000000000000000e+02,2.348399947509169650e+01
1.410000000000000000e+02,2.264399949386715960e+01
1.420000000000000000e+02,2.222249950328841805e+01
1.430000000000000000e+02,2.195149950934574079e+01
1.440000000000000000e+02,2.327499947976320982e+01
1.450000000000000000e+02,2.206849950673058558e+01
1.460000000000000000e+02,1.973149955896660757e+01
1.470000000000000000e+02,2.265299949366599463e+01
1.480000000000000000e+02,2.220449950369074799e+01
1.490000000000000000e+02,2.119199952632188655e+01
1.500000000000000000e+02,2.243299949858337783e+01
1.510000000000000000e+02,1.866999958269298077e+01
1.520000000000000000e+02,2.230049950154498362e+01
1.530000000000000000e+02,2.359549947259947800e+01
1.540000000000000000e+02,2.224599950276315141e+01
1.550000000000000000e+02,2.152849951880052615e+01
1.560000000000000000e+02,2.234549950053915524e+01
1.570000000000000000e+02,2.353449947396293140e+01
1.580000000000000000e+02,2.012349955020472336e+01
1.590000000000000000e+02,2.383299946729093932e+01
1.600000000000000000e+02,1.955049956301227354e+01
1.610000000000000000e+02,2.354499947372823954e+01
1.620000000000000000e+02,2.430049945684150003e+01
1.630000000000000000e+02,2.314849948259070445e+01
1.640000000000000000e+02,2.162549951663240932e+01
1.650000000000000000e+02,2.199499950837343931e+01
1.660000000000000000e+02,2.292899948749691319e+01
1.670000000000000000e+02,2.212449950547888733e+01
1.680000000000000000e+02,2.051649954142049026e+01
1.690000000000000000e+02,2.187899951096624207e+01
1.700000000000000000e+02,2.387799946628511094e+01
1.710000000000000000e+02,2.281649949001148414e+01
1.720000000000000000e+02,2.287599948868155408e+01
1.730000000000000000e+02,2.486699944417923547e+01
1.740000000000000000e+02,2.271749949222430587e+01
1.750000000000000000e+02,2.232349950103089142e+01
1.760000000000000000e+02,2.214999950490891933e+01
1.770000000000000000e+02,2.413499946054071188e+01
1.780000000000000000e+02,2.230349950147792626e+01
1.790000000000000000e+02,2.328999947942793369e+01
1.800000000000000000e+02,2.345599947571754385e+01
1.810000000000000000e+02,2.452599945180118013e+01
1.820000000000000000e+02,2.353899947386235070e+01
1.830000000000000000e+02,2.372649946967139911e+01
1.840000000000000000e+02,2.617699941489845372e+01
1.850000000000000000e+02,2.565299942661076926e+01
1.860000000000000000e+02,2.466949944859370447e+01
1.870000000000000000e+02,2.396099946442991424e+01
1.880000000000000000e+02,2.593599942028522420e+01
1.890000000000000000e+02,2.276799949109554433e+01
1.900000000000000000e+02,2.512149943849071931e+01
1.910000000000000000e+02,2.178149951314553689e+01
1.920000000000000000e+02,2.429049945706501745e+01
1.930000000000000000e+02,2.431499945651739836e+01
1.940000000000000000e+02,2.423599945828318525e+01
1.950000000000000000e+02,2.534349943352863122e+01
1.960000000000000000e+02,2.431199945658445216e+01
1.970000000000000000e+02,2.525999943539500237e+01
1.980000000000000000e+02,2.210649950588122081e+01
1.990000000000000000e+02,2.562099942732602287e+01
2.000000000000000000e+02,2.509549943907186531e+01
2.010000000000000000e+02,2.550549942990765118e+01
2.020000000000000000e+02,2.420299945902079486e+01
2.030000000000000000e+02,2.353699947390705205e+01
2.040000000000000000e+02,2.593849942022934485e+01
2.050000000000000000e+02,2.403199946284293986e+01
2.060000000000000000e+02,2.635699941087514020e+01
2.070000000000000000e+02,2.488599944375455308e+01
2.080000000000000000e+02,2.491849944302812148e+01
2.090000000000000000e+02,2.675549940196797394e+01
2.100000000000000000e+02,2.492799944281578206e+01
2.110000000000000000e+02,2.495549944220110916e+01
2.120000000000000000e+02,2.487199944406747676e+01
2.130000000000000000e+02,2.481399944536387991e+01
2.140000000000000000e+02,2.441449945429339863e+01
2.150000000000000000e+02,2.543299943152815246e+01
2.160000000000000000e+02,2.463799944929778718e+01
2.170000000000000000e+02,2.587649942161515426e+01
2.180000000000000000e+02,2.595399941988289427e+01
2.190000000000000000e+02,2.501699944082647420e+01
2.200000000000000000e+02,2.404199946261942245e+01
2.210000000000000000e+02,2.471149944765493345e+01
2.220000000000000000e+02,2.474699944686144448e+01
2.230000000000000000e+02,2.507949943942949034e+01
2.240000000000000000e+02,2.490499944332987070e+01
2.250000000000000000e+02,2.432849945621564913e+01
2.260000000000000000e+02,2.699299939665943526e+01
2.270000000000000000e+02,2.626149941300973367e+01
2.280000000000000000e+02,2.597349941944703389e+01
2.290000000000000000e+02,2.481949944524094320e+01
2.300000000000000000e+02,2.648299940805882358e+01
2.310000000000000000e+02,2.352449947418644882e+01
2.320000000000000000e+02,2.555749942874535918e+01
2.330000000000000000e+02,2.504949944010004259e+01
2.340000000000000000e+02,2.202149950778111887e+01
2.350000000000000000e+02,2.591749942069873214e+01
2.360000000000000000e+02,2.499199944138526774e+01
2.370000000000000000e+02,2.404899946246296238e+01
2.380000000000000000e+02,2.658399940580129694e+01
2.390000000000000000e+02,2.425599945783615041e+01
2.400000000000000000e+02,2.303799948506057405e+01
2.410000000000000000e+02,2.424399945810437274e+01
2.420000000000000000e+02,2.628099941257387329e+01
2.430000000000000000e+02,2.604099941793829132e+01
2.440000000000000000e+02,2.672699940260499574e+01
2.450000000000000000e+02,2.486749944416806102e+01
2.460000000000000000e+02,2.529299943465739631e+01
2.470000000000000000e+02,2.526149943536147546e+01
2.480000000000000000e+02,2.472699944730847932e+01
2.490000000000000000e+02,2.576449942411854721e+01
2.500000000000000000e+02,2.417399945966899466e+01
2.510000000000000000e+02,2.550399942994117808e+01
2.520000000000000000e+02,2.494999944232404232e+01
2.530000000000000000e+02,2.518149943714961481e+01
2.540000000000000000e+02,2.453399945162236762e+01
2.550000000000000000e+02,2.291299948785454177e+01
2.560000000000000000e+02,2.501449944088235355e+01
2.570000000000000000e+02,2.622449941383674599e+01
2.580000000000000000e+02,2.336549947774037861e+01
2.590000000000000000e+02,2.444249945366755128e+01
2.600000000000000000e+02,2.405699946228414632e+01
2.610000000000000000e+02,2.214499950502067804e+01
2.620000000000000000e+02,2.554599942900240350e+01
2.630000000000000000e+02,2.134499952290207148e+01
2.640000000000000000e+02,2.331399947889149260e+01
2.650000000000000000e+02,2.375149946911260557e+01
2.660000000000000000e+02,2.366399947106838297e+01
2.670000000000000000e+02,2.232749950094148517e+01
2.680000000000000000e+02,2.377049946868792318e+01
2.690000000000000000e+02,2.228149950196966600e+01
2.700000000000000000e+02,2.461199944987892962e+01
2.710000000000000000e+02,2.399799946360290193e+01
2.720000000000000000e+02,2.442399945408105921e+01
2.730000000000000000e+02,2.297849948639050055e+01
2.740000000000000000e+02,2.462099944967776466e+01
2.750000000000000000e+02,2.170749951479956508e+01
2.760000000000000000e+02,2.474549944689497494e+01
2.770000000000000000e+02,2.374749946920201182e+01
2.780000000000000000e+02,2.244999949820339680e+01
2.790000000000000000e+02,2.153599951863288808e+01
2.800000000000000000e+02,2.398499946389347315e+01
2.810000000000000000e+02,2.304849948482587862e+01
2.820000000000000000e+02,2.246349949790164757e+01
2.830000000000000000e+02,2.580899942312389683e+01
2.840000000000000000e+02,2.264399949386715960e+01
2.850000000000000000e+02,2.486649944419041347e+01
2.860000000000000000e+02,2.309349948382005024e+01
2.870000000000000000e+02,2.322049948098138117e+01
2.880000000000000000e+02,2.319099948164075542e+01
2.890000000000000000e+02,2.316699948217719651e+01
2.900000000000000000e+02,2.334599947817623544e+01
2.910000000000000000e+02,2.454699945133179284e+01
2.920000000000000000e+02,2.299649948598817062e+01
2.930000000000000000e+02,2.171049951473251127e+01
2.940000000000000000e+02,1.891799957714975022e+01
2.950000000000000000e+02,2.272149949213489961e+01
2.960000000000000000e+02,2.133399952314794135e+01
2.970000000000000000e+02,2.281499949004501104e+01
2.980000000000000000e+02,2.060399953946471285e+01
2.990000000000000000e+02,2.376049946891144060e+01
3.000000000000000000e+02,2.327099947985261608e+01
0.000000000000000000e+00,9.799999780952931006e-02
1.000000000000000000e+00,1.144999974407255594e-01
2.000000000000000000e+00,3.309999926015734784e-01
3.000000000000000000e+00,3.544999920763075574e-01
4.000000000000000000e+00,4.439999900758266338e-01
5.000000000000000000e+00,8.339999813586473909e-01
6.000000000000000000e+00,1.102999975346028894e+00
7.000000000000000000e+00,8.934999800287186655e-01
8.000000000000000000e+00,1.198999973200261637e+00
9.000000000000000000e+00,1.282499971333891153e+00
1.000000000000000000e+01,1.540499965567141860e+00
1.100000000000000000e+01,1.197999973222613423e+00
1.200000000000000000e+01,1.639999963343143463e+00
1.300000000000000000e+01,1.533499965723603919e+00
1.400000000000000000e+01,2.010999955050647436e+00
1.500000000000000000e+01,2.371499946992844166e+00
1.600000000000000000e+01,2.365999947115779101e+00
1.700000000000000000e+01,2.027999954670667737e+00
1.800000000000000000e+01,2.004999955184757710e+00
1.900000000000000000e+01,2.453499945160001694e+00
2.000000000000000000e+01,2.479999944567680359e+00
2.100000000000000000e+01,2.612999941594898790e+00
2.200000000000000000e+01,2.987499933224171400e+00
2.300000000000000000e+01,3.582499919924885035e+00
2.400000000000000000e+01,2.806499937269836487e+00
2.500000000000000000e+01,3.634999918751418591e+00
2.600000000000000000e+01,3.379499924462288529e+00
2.700000000000000000e+01,3.480999922193587004e+00
2.800000000000000000e+01,2.857999936118722051e+00
2.900000000000000000e+01,2.955999933928251444e+00
3.000000000000000000e+01,3.612499919254332781e+00
3.100000000000000000e+01,3.611499919276684345e+00
3.200000000000000000e+01,4.065999909117818056e+00
3.300000000000000000e+01,4.330999903194606482e+00
3.400000000000000000e+01,4.907499890308827162e+00
3.500000000000000000e+01,5.094499886129051802e+00
3.600000000000000000e+01,4.527499898802489042e+00
3.700000000000000000e+01,4.005499910470097902e+00
3.800000000000000000e+01,5.321499881055205883e+00
3.900000000000000000e+01,4.661999895796180127e+00
4.000000000000000000e+01,4.806999892555177567e+00
4.100000000000000000e+01,4.980499888677149656e+00
4.200000000000000000e+01,5.434499878529459593e+00
4.300000000000000000e+01,6.520999854244291960e+00
4.400000000000000000e+01,5.443499878328293740e+00
4.500000000000000000e+01,5.470999877713620840e+00
4.600000000000000000e+01,7.840499824751168134e+00
4.700000000000000000e+01,6.247999860346316936e+00
4.800000000000000000e+01,7.178499839548021733e+00
4.900000000000000000e+01,6.782499848399311304e+00
5.000000000000000000e+01,7.743999826908111395e+00
5.100000000000000000e+01,9.084499796945602057e+00
5.200000000000000000e+01,8.666999806277454255e+00
5.300000000000000000e+01,7.281499837245791973e+00
5.400000000000000000e+01,9.578499785903840547e+00
5.500000000000000000e+01,1.037449976811185515e+01
5.600000000000000000e+01,9.871999779343605397e+00
5.700000000000000000e+01,8.357999813184141757e+00
5.800000000000000000e+01,1.071149976057931852e+01
5.900000000000000000e+01,1.069549976093694532e+01
6.000000000000000000e+01,1.405849968576803732e+01
6.100000000000000000e+01,9.876999779231846688e+00
6.200000000000000000e+01,1.087699975688010490e+01
6.300000000000000000e+01,1.168499973881989717e+01
6.400000000000000000e+01,1.327399970330298018e+01
6.500000000000000000e+01,1.337999970093369484e+01
6.600000000000000000e+01,1.210649972939863872e+01
6.700000000000000000e+01,1.407549968538805807e+01
6.800000000000000000e+01,1.509549966258928144e+01
6.900000000000000000e+01,1.392499968875199556e+01
7.000000000000000000e+01,1.390899968910962414e+01
7.100000000000000000e+01,1.610949963992461420e+01
7.200000000000000000e+01,1.566749964980408549e+01
7.300000000000000000e+01,1.525949965892359650e+01
7.400000000000000000e+01,1.455499967467039824e+01
7.500000000000000000e+01,1.482299966868013108e+01
7.600000000000000000e+01,1.592149964412674379e+01
7.700000000000000000e+01,1.755249960767105222e+01
7.800000000000000000e+01,1.439849967816844512e+01
7.900000000000000000e+01,1.856299958508461856e+01
8.000000000000000000e+01,1.595999964326620102e+01
8.100000000000000000e+01,1.584899964574724507e+01
8.200000000000000000e+01,1.681449962416663624e+01
8.300000000000000000e+01,1.922899957019835782e+01
8.400000000000000000e+01,1.707799961827695512e+01
8.500000000000000000e+01,1.602149964189156961e+01
8.600000000000000000e+01,1.827099959161132503e+01
8.700000000000000000e+01,1.728249961370602250e+01
8.800000000000000000e+01,1.901799957491457604e+01
8.900000000000000000e+01,1.603599964156746793e+01
9.000000000000000000e+01,2.116049952702596926e+01
9.100000000000000000e+01,2.175999951362609863e+01
9.200000000000000000e+01,1.887999957799911499e+01
9.300000000000000000e+01,1.950899956393987011e+01
9.400000000000000000e+01,1.997599955350160528e+01
9.500000000000000000e+01,1.798749959794804454e+01
9.600000000000000000e+01,1.999799955300986909e+01
9.700000000000000000e+01,1.946699956487864114e+01
9.800000000000000000e+01,2.002099955249577690e+01
9.900000000000000000e+01,1.929299956876784705e+01
1.000000000000000000e+02,1.989049955541268133e+01
1.010000000000000000e+02,1.941349956607446003e+01
1.020000000000000000e+02,2.153199951872229434e+01
1.030000000000000000e+02,2.033349954551085759e+01
1.040000000000000000e+02,2.048349954215809632e+01
1.050000000000000000e+02,1.945599956512451101e+01
1.060000000000000000e+02,2.005349955176934529e+01
1.070000000000000000e+02,2.034299954529851817e+01
1.080000000000000000e+02,2.139899952169507813e+01
1.090000000000000000e+02,2.300799948573112630e+01
1.100000000000000000e+02,2.116399952694773745e+01
1.110000000000000000e+02,2.272749949200078845e+01
1.120000000000000000e+02,2.425749945780262351e+01
1.130000000000000000e+02,2.326799947991967343e+01
1.140000000000000000e+02,2.390499946568161249e+01
1.150000000000000000e+02,2.236899950001388859e+01
1.160000000000000000e+02,2.364799947142601155e+01
1.170000000000000000e+02,2.277999949082732201e+01
1.180000000000000000e+02,2.376649946877732944e+01
1.190000000000000000e+02,2.441499945428222418e+01
1.200000000000000000e+02,2.360199947245418883e+01
1.210000000000000000e+02,2.418649945938959789e+01
1.220000000000000000e+02,2.766699938159435845e+01
1.230000000000000000e+02,2.565099942665547061e+01
1.240000000000000000e+02,2.462299944963306331e+01
1.250000000000000000e+02,2.571799942515790605e+01
1.260000000000000000e+02,2.364799947142601155e+01
1.270000000000000000e+02,2.667499940376728773e+01
1.280000000000000000e+02,2.542649943167343807e+01
1.290000000000000000e+02,2.622949941372498728e+01
1.300000000000000000e+02,2.659699940551072217e+01
1.310000000000000000e+02,2.914949934845790125e+01
1.320000000000000000e+02,2.702299939598888301e+01
1.330000000000000000e+02,2.672049940275028490e+01
1.340000000000000000e+02,2.618049941482022547e+01
1.350000000000000000e+02,2.695949939740821577e+01
1.360000000000000000e+02,2.519699943680316068e+01
1.370000000000000000e+02,2.954499933961778879e+01
1.380000000000000000e+02,2.657599940598010946e+01
1.390000000000000000e+02,2.738199938796460486e+01
1.400000000000000000e+02,2.901849935138598013e+01
1.410000000000000000e+02,2.712449939372017838e+01
1.420000000000000000e+02,2.926449934588745094e+01
1.430000000000000000e+02,3.071549931345507645e+01
1.440000000000000000e+02,2.836649936595931720e+01
1.450000000000000000e+02,2.949949934063479162e+01
1.460000000000000000e+02,2.806749937264248729e+01
1.470000000000000000e+02,2.839849936524406004e+01
1.480000000000000000e+02,2.863549935994669937e+01
1.490000000000000000e+02,2.931699934471398450e+01
1.500000000000000000e+02,3.269849926913157390e+01
1.510000000000000000e+02,3.063799931518733644e+01
1.520000000000000000e+02,3.112699930425733186e+01
1.530000000000000000e+02,3.115449930364265896e+01
1.540000000000000000e+02,3.100599930696189332e+01
1.550000000000000000e+02,3.137349929874762822e+01
1.560000000000000000e+02,2.948699934091418839e+01
1.570000000000000000e+02,3.127199930101632930e+01
1.580000000000000000e+02,3.275849926779046939e+01
1.590000000000000000e+02,3.232649927744641616e+01
1.600000000000000000e+02,3.164899929258972477e+01
1.610000000000000000e+02,3.225099927913397835e+01
1.620000000000000000e+02,3.239099927600473450e+01
1.630000000000000000e+02,3.070749931363388896e+01
1.640000000000000000e+02,3.183299928847700500e+01
1.650000000000000000e+02,3.404999923892319202e+01
1.660000000000000000e+02,3.186299928780645274e+01
1.670000000000000000e+02,3.305649926112964465e+01
1.680000000000000000e+02,3.534999920986592770e+01
1.690000000000000000e+02,3.438249923149123788e+01
1.700000000000000000e+02,3.491149921966716363e+01
1.710000000000000000e+02,3.490899921972304298e+01
1.720000000000000000e+02,3.393049924159422659e+01
1.730000000000000000e+02,3.455999922752380371e+01
1.740000000000000000e+02,3.496749921841546893e+01
1.750000000000000000e+02,3.426199923418462134e+01
1.760000000000000000e+02,3.462249922612681985e+01
1.770000000000000000e+02,3.489499922003597021e+01
1.780000000000000000e+02,3.645549918515607857e+01
1.790000000000000000e+02,3.505099921654910133e+01
1.800000000000000000e+02,3.585849919850006984e+01
1.810000000000000000e+02,3.511349921515211747e+01
1.820000000000000000e+02,3.580699919965118028e+01
1.830000000000000000e+02,3.582949919914826609e+01
1.840000000000000000e+02,3.580349919972941564e+01
1.850000000000000000e+02,3.689499917533248663e+01
1.860000000000000000e+02,3.577499920036643744e+01
1.870000000000000000e+02,3.627449918920174099e+01
1.880000000000000000e+02,3.638499918673187494e+01
1.890000000000000000e+02,3.637899918686598255e+01
1.900000000000000000e+02,3.745149916289373948e+01
1.910000000000000000e+02,3.658799918219447278e+01
1.920000000000000000e+02,3.714449916975572563e+01
1.930000000000000000e+02,3.607549919364974045e+01
1.940000000000000000e+02,3.683949917657300688e+01
1.950000000000000000e+02,3.660549918180331730e+01
1.960000000000000000e+02,3.679799917750060700e+01
1.970000000000000000e+02,3.747049916246906065e+01
1.980000000000000000e+02,3.706249917158856988e+01
1.990000000000000000e+02,3.633999918773770332e+01
2.000000000000000000e+02,3.754199916087090827e+01
2.010000000000000000e+02,3.748649916211142852e+01
2.020000000000000000e+02,3.774849915625527785e+01
2.030000000000000000e+02,3.711899917032569363e+01
2.040000000000000000e+02,3.747849916229024814e+01
2.050000000000000000e+02,3.755349916061386750e+01
2.060000000000000000e+02,3.745449916282668568e+01
2.070000000000000000e+02,3.755249916063621640e+01
2.080000000000000000e+02,3.665449918070807911e+01
2.090000000000000000e+02,3.606149919396266057e+01
2.100000000000000000e+02,3.647799918465316438e+01
2.110000000000000000e+02,3.700799917280674123e+01
2.120000000000000000e+02,3.745499916281551123e+01
2.130000000000000000e+02,3.698849917324260161e+01
2.140000000000000000e+02,3.690549917509779476e+01
2.150000000000000000e+02,3.719499916862696409e+01
2.160000000000000000e+02,3.755399916060268595e+01
2.170000000000000000e+02,3.691699917484074689e+01
2.180000000000000000e+02,3.742249916354194283e+01
2.190000000000000000e+02,3.659249918209388852e+01
2.200000000000000000e+02,3.493199921920895434e+01
2.210000000000000000e+02,3.604949919423088289e+01
2.220000000000000000e+02,3.665249918075278401e+01
2.230000000000000000e+02,3.720499916840344667e+01
2.240000000000000000e+02,3.777499915566295385e+01
2.250000000000000000e+02,3.719049916872754835e+01
2.260000000000000000e+02,3.770049915732816004e+01
2.270000000000000000e+02,3.773449915656819798e+01
2.280000000000000000e+02,3.723699916768818952e+01
2.290000000000000000e+02,3.684599917642772482e+01
2.300000000000000000e+02,3.650999918393790722e+01
2.310000000000000000e+02,3.730849916609004424e+01
2.320000000000000000e+02,3.836749914241954684e+01
2.330000000000000000e+02,3.810349914832040952e+01
2.340000000000000000e+02,3.771049915710464262e+01
2.350000000000000000e+02,3.729849916631356166e+01
2.360000000000000000e+02,3.789499915298074484e+01
2.370000000000000000e+02,3.716999916918575764e+01
2.380000000000000000e+02,3.814849914731458114e+01
2.390000000000000000e+02,3.640899918619543030e+01
2.400000000000000000e+02,3.649399918429553225e+01
2.410000000000000000e+02,3.677549917800352119e+01
2.420000000000000000e+02,3.656349918274209188e+01
2.430000000000000000e+02,3.719249916868284345e+01
2.440000000000000000e+02,3.573949920115992285e+01
2.450000000000000000e+02,3.630699918847530938e+01
2.460000000000000000e+02,3.635099918749183701e+01
2.470000000000000000e+02,3.757099916022271202e+01
2.480000000000000000e+02,3.619899919088929607e+01
2.490000000000000000e+02,3.681999917700886726e+01
2.500000000000000000e+02,3.774849915625527785e+01
2.510000000000000000e+02,3.728449916662648178e+01
2.520000000000000000e+02,3.724099916759878681e+01
2.530000000000000000e+02,3.739799916408956193e+01
2.540000000000000000e+02,3.622249919036403298e+01
2.550000000000000000e+02,3.631699918825179196e+01
2.560000000000000000e+02,3.667399918027221872e+01
2.570000000000000000e+02,3.573049920136109137e+01
2.580000000000000000e+02,3.688749917550012469e+01
2.590000000000000000e+02,3.696399917379021360e+01
2.600000000000000000e+02,3.576399920061230375e+01
2.610000000000000000e+02,3.614749919204041362e+01
2.620000000000000000e+02,3.708049917118623995e+01
2.630000000000000000e+02,3.513849921459332393e+01
2.640000000000000000e+02,3.540399920865893080e+01
2.650000000000000000e+02,3.711899917032569363e+01
2.660000000000000000e+02,3.691849917480722354e+01
2.670000000000000000e+02,3.670049917967990183e+01
2.680000000000000000e+02,3.678449917780235268e+01
2.690000000000000000e+02,3.633149918792769029e+01
2.700000000000000000e+02,3.629949918864294744e+01
2.710000000000000000e+02,3.713449916997924305e+01
2.720000000000000000e+02,3.658699918221682168e+01
2.730000000000000000e+02,3.603399919457733347e+01
2.740000000000000000e+02,3.590399919748305990e+01
2.750000000000000000e+02,3.718049916895106577e+01
2.760000000000000000e+02,3.675649917842820003e+01
2.770000000000000000e+02,3.740149916401132657e+01
2.780000000000000000e+02,3.695549917398020767e+01
2.790000000000000000e+02,3.733449916550889469e+01
2.800000000000000000e+02,3.679149917764588906e+01
2.810000000000000000e+02,3.634349918765947507e+01
2.820000000000000000e+02,3.687149917585774972e+01
2.830000000000000000e+02,3.700899917278438522e+01
2.840000000000000000e+02,3.668549918001517796e+01
2.850000000000000000e+02,3.516549921398982548e+01
2.860000000000000000e+02,3.708699917104095078e+01
2.870000000000000000e+02,3.486299922075122737e+01
2.880000000000000000e+02,3.714699916969984628e+01
2.890000000000000000e+02,3.727749916678294539e+01
2.900000000000000000e+02,3.626349918944761441e+01
2.910000000000000000e+02,3.677449917802587009e+01
2.920000000000000000e+02,3.687349917581305192e+01
2.930000000000000000e+02,3.632249918812885880e+01
2.940000000000000000e+02,3.618799919113516950e+01
2.950000000000000000e+02,3.728799916654825353e+01
2.960000000000000000e+02,3.690949917500838495e+01
2.970000000000000000e+02,3.570849920185283111e+01
2.980000000000000000e+02,3.737449916461482502e+01
2.990000000000000000e+02,3.570149920200928761e+01
3.000000000000000000e+02,3.719699916858225919e+01
0.000000000000000000e+00,6.599999852478503903e-02
1.000000000000000000e+00,4.349999902769922933e-02
2.000000000000000000e+00,2.299999948590993881e-01
3.000000000000000000e+00,2.429999945685267504e-01
4.000000000000000000e+00,3.499999921768903732e-01
5.000000000000000000e+00,2.999999932944774628e-01
6.000000000000000000e+00,4.284999904222786538e-01
7.000000000000000000e+00,5.109999885782599005e-01
8.000000000000000000e+00,8.399999812245368958e-01
9.000000000000000000e+00,7.059999842196702513e-01
1.000000000000000000e+01,8.184999817050992998e-01
1.100000000000000000e+01,1.178999973647296473e+00
1.200000000000000000e+01,1.115999975055456117e+00
1.300000000000000000e+01,1.357999969646334737e+00
1.400000000000000000e+01,1.403999968618154570e+00
1.500000000000000000e+01,1.822499959263950586e+00
1.600000000000000000e+01,1.648499963153153614e+00
1.700000000000000000e+01,1.602499964181333780e+00
1.800000000000000000e+01,1.871499958168715283e+00
1.900000000000000000e+01,1.497499966528266668e+00
2.000000000000000000e+01,1.836999958939850242e+00
2.100000000000000000e+01,1.858999958448112055e+00
2.200000000000000000e+01,2.186499951127916397e+00
2.300000000000000000e+01,2.235999950021505533e+00
2.400000000000000000e+01,2.402499946299940348e+00
2.500000000000000000e+01,2.434999945573508739e+00
2.600000000000000000e+01,2.404999946244060993e+00
2.700000000000000000e+01,2.712499939370900393e+00
2.800000000000000000e+01,2.915999934822321116e+00
2.900000000000000000e+01,2.585499942209571689e+00
3.000000000000000000e+01,2.608499941695481716e+00
3.100000000000000000e+01,3.409499923791736276e+00
3.200000000000000000e+01,3.362999924831092446e+00
3.300000000000000000e+01,3.328999925591051401e+00
3.400000000000000000e+01,2.688499939907342373e+00
3.500000000000000000e+01,3.031499932240694584e+00
3.600000000000000000e+01,3.374999924562871456e+00
3.700000000000000000e+01,4.383499902021140038e+00
3.800000000000000000e+01,3.986499910894781173e+00
3.900000000000000000e+01,3.910499912593513816e+00
4.000000000000000000e+01,3.344499925244599492e+00
4.100000000000000000e+01,4.355999902635812937e+00
4.200000000000000000e+01,4.127499907743185759e+00
4.300000000000000000e+01,5.068999886699020685e+00
4.400000000000000000e+01,4.629499896522611735e+00
4.500000000000000000e+01,4.586499897483736099e+00
4.600000000000000000e+01,5.235499882977455499e+00
4.700000000000000000e+01,4.574499897751957533e+00
4.800000000000000000e+01,5.117999885603785160e+00
4.900000000000000000e+01,6.573499853070825516e+00
5.000000000000000000e+01,6.211999861150980351e+00
5.100000000000000000e+01,5.866499868873506607e+00
5.200000000000000000e+01,5.727999871969222667e+00
5.300000000000000000e+01,6.083999864012002767e+00
5.400000000000000000e+01,6.657999851182102802e+00
5.500000000000000000e+01,6.566999853216112015e+00
5.600000000000000000e+01,7.853999824449419798e+00
5.700000000000000000e+01,6.888999846018850626e+00
5.800000000000000000e+01,6.302999859116971137e+00
5.900000000000000000e+01,8.903499800991266255e+00
6.000000000000000000e+01,7.980499821621924283e+00
6.100000000000000000e+01,7.988999821431934656e+00
6.200000000000000000e+01,6.345999858155846773e+00
6.300000000000000000e+01,9.326999791525304673e+00
6.400000000000000000e+01,7.014999843202531338e+00
6.500000000000000000e+01,7.450999833457172095e+00
6.600000000000000000e+01,8.245499815698712709e+00
6.700000000000000000e+01,8.374499812815338728e+00
6.800000000000000000e+01,7.412999834306537750e+00
6.900000000000000000e+01,8.877499801572412252e+00
7.000000000000000000e+01,9.171999794989824650e+00
7.100000000000000000e+01,9.651499784272164817e+00
7.200000000000000000e+01,1.045099976640194583e+01
7.300000000000000000e+01,1.047449976587668097e+01
7.400000000000000000e+01,1.107499975245445967e+01
7.500000000000000000e+01,1.190099973399192024e+01
7.600000000000000000e+01,1.001299977619200909e+01
7.700000000000000000e+01,1.105499975290149450e+01
7.800000000000000000e+01,1.080299975853413308e+01
7.900000000000000000e+01,1.376649969229474735e+01
8.000000000000000000e+01,1.370999969355762005e+01
8.100000000000000000e+01,1.298799970969557727e+01
8.200000000000000000e+01,1.317749970545992255e+01
8.300000000000000000e+01,1.340049970047548378e+01
8.400000000000000000e+01,1.379349969169124890e+01
8.500000000000000000e+01,1.495899966564029526e+01
8.600000000000000000e+01,1.340849970029666949e+01
8.700000000000000000e+01,1.799849959770217467e+01
8.800000000000000000e+01,1.696149962088093233e+01
8.900000000000000000e+01,1.822749959258362651e+01
9.000000000000000000e+01,1.802299959715455913e+01
9.100000000000000000e+01,1.769949960438534475e+01
9.200000000000000000e+01,1.792299959938973331e+01
9.300000000000000000e+01,1.710899961758405041e+01
9.400000000000000000e+01,1.951899956371635270e+01
9.500000000000000000e+01,1.954749956307932734e+01
9.600000000000000000e+01,2.248049949752167009e+01
9.700000000000000000e+01,2.053799954093992852e+01
9.800000000000000000e+01,2.164199951626360274e+01
9.900000000000000000e+01,2.323649948062375259e+01
1.000000000000000000e+02,2.219799950383603715e+01
1.010000000000000000e+02,2.331249947892501950e+01
1.020000000000000000e+02,2.359049947271123671e+01
1.030000000000000000e+02,2.473749944707378745e+01
1.040000000000000000e+02,2.469299944806844138e+01
1.050000000000000000e+02,2.459949945015832640e+01
1.060000000000000000e+02,2.352049947427585863e+01
1.070000000000000000e+02,2.516349943755194474e+01
1.080000000000000000e+02,2.666649940395727825e+01
1.090000000000000000e+02,2.532549943393096470e+01
1.100000000000000000e+02,2.404649946251884174e+01
1.110000000000000000e+02,2.816699937041848756e+01
1.120000000000000000e+02,2.515499943774193525e+01
1.130000000000000000e+02,2.863749935990199447e+01
1.140000000000000000e+02,2.942049934240058207e+01
1.150000000000000000e+02,2.829799936749041223e+01
1.160000000000000000e+02,2.962749933777377009e+01
1.170000000000000000e+02,2.861949936030432440e+01
1.180000000000000000e+02,2.801849937373772192e+01
1.190000000000000000e+02,2.453899945151060891e+01
1.200000000000000000e+02,2.878499935660511255e+01
1.210000000000000000e+02,2.592149942060932588e+01
1.220000000000000000e+02,2.434199945591389991e+01
1.230000000000000000e+02,2.903549935100600266e+01
1.240000000000000000e+02,3.044499931950122118e+01
1.250000000000000000e+02,3.066199931465089179e+01
1.260000000000000000e+02,3.102999930642545223e+01
1.270000000000000000e+02,2.649099940788000751e+01
1.280000000000000000e+02,3.053999931737780571e+01
1.290000000000000000e+02,3.334249925473704934e+01
1.300000000000000000e+02,3.267449926966801144e+01
1.310000000000000000e+02,3.051349931797012616e+01
1.320000000000000000e+02,3.088199930973350860e+01
1.330000000000000000e+02,3.086499931011348963e+01
1.340000000000000000e+02,3.069149931399151754e+01
1.350000000000000000e+02,3.423849923470989154e+01
1.360000000000000000e+02,2.809249937208369374e+01
1.370000000000000000e+02,2.985199933275580264e+01
1.380000000000000000e+02,3.218649928057566001e+01
1.390000000000000000e+02,3.131599930003285337e+01
1.400000000000000000e+02,3.315499925892800093e+01
1.410000000000000000e+02,3.168549929177388691e+01
1.420000000000000000e+02,3.417199923619627810e+01
1.430000000000000000e+02,2.919449934745207287e+01
1.440000000000000000e+02,3.150099929589778114e+01
1.450000000000000000e+02,3.067699931431561566e+01
1.460000000000000000e+02,2.974299933519214534e+01
1.470000000000000000e+02,3.579299919996410750e+01
1.480000000000000000e+02,3.034649932170286846e+01
1.490000000000000000e+02,3.522149921273812367e+01
1.500000000000000000e+02,3.162599929310381341e+01
1.510000000000000000e+02,2.949999934062361717e+01
1.520000000000000000e+02,2.953349933987483311e+01
1.530000000000000000e+02,3.209599928259849833e+01
1.540000000000000000e+02,3.179249928938224912e+01
1.550000000000000000e+02,2.994799933061003827e+01
1.560000000000000000e+02,3.389399924241006090e+01
1.570000000000000000e+02,3.402499923948198557e+01
1.580000000000000000e+02,3.456799922734499120e+01
1.590000000000000000e+02,3.376499924529343843e+01
1.600000000000000000e+02,3.398949924027547098e+01
1.610000000000000000e+02,3.231499927770346403e+01
1.620000000000000000e+02,3.311399925984441950e+01
1.630000000000000000e+02,3.435199923217296458e+01
1.640000000000000000e+02,3.449949922887608267e+01
1.650000000000000000e+02,3.361099924873560951e+01
1.660000000000000000e+02,3.385599924325943277e+01
1.670000000000000000e+02,3.121649930225685310e+01
1.680000000000000000e+02,3.353449925044551350e+01
1.690000000000000000e+02,3.211349928220734284e+01
1.700000000000000000e+02,3.191349928667768765e+01
1.710000000000000000e+02,3.554699920546263314e+01
1.720000000000000000e+02,3.410249923774972558e+01
1.730000000000000000e+02,3.266449926989152885e+01
1.740000000000000000e+02,3.278799926713109159e+01
1.750000000000000000e+02,3.352099925074726627e+01
1.760000000000000000e+02,3.292549926405772709e+01
1.770000000000000000e+02,3.168249929184094071e+01
1.780000000000000000e+02,3.366349924756214307e+01
1.790000000000000000e+02,3.606249919394031167e+01
1.800000000000000000e+02,3.384799924343824529e+01
1.810000000000000000e+02,3.071099931355565715e+01
1.820000000000000000e+02,2.995799933038652085e+01
1.830000000000000000e+02,3.409749923786148429e+01
1.840000000000000000e+02,3.209799928255379342e+01
1.850000000000000000e+02,3.398599924035370634e+01
1.860000000000000000e+02,3.372099924627691792e+01
1.870000000000000000e+02,3.220999928005039692e+01
1.880000000000000000e+02,3.255199927240609981e+01
1.890000000000000000e+02,3.486349922074005292e+01
1.900000000000000000e+02,3.274349926812574552e+01
1.910000000000000000e+02,3.431099923308939026e+01
1.920000000000000000e+02,3.013649932639673423e+01
1.930000000000000000e+02,3.293749926378950477e+01
1.940000000000000000e+02,3.420299923550337695e+01
1.950000000000000000e+02,3.274249926814809442e+01
1.960000000000000000e+02,3.452149922838434293e+01
1.970000000000000000e+02,3.169049929166212820e+01
1.980000000000000000e+02,3.400049924002960466e+01
1.990000000000000000e+02,3.121049930239096426e+01
2.000000000000000000e+02,3.151149929566308927e+01
2.010000000000000000e+02,3.565349920308217690e+01
2.020000000000000000e+02,3.345849925214425014e+01
2.030000000000000000e+02,3.455299922768026732e+01
2.040000000000000000e+02,3.602899919468909218e+01
2.050000000000000000e+02,3.375149924559518411e+01
2.060000000000000000e+02,3.402049923958256983e+01
2.070000000000000000e+02,3.115549930362031006e+01
2.080000000000000000e+02,3.256549927210435413e+01
2.090000000000000000e+02,3.454199922792613364e+01
2.100000000000000000e+02,3.227299927864223861e+01
2.110000000000000000e+02,3.292299926411360644e+01
2.120000000000000000e+02,3.541999920830130577e+01
2.130000000000000000e+02,3.447599922940135286e+01
2.140000000000000000e+02,3.545749920746311545e+01
2.150000000000000000e+02,3.019399932511150908e+01
2.160000000000000000e+02,3.237999927625060081e+01
2.170000000000000000e+02,3.168549929177388691e+01
2.180000000000000000e+02,3.447849922934547351e+01
2.190000000000000000e+02,3.280799926668405675e+01
2.200000000000000000e+02,3.365049924785271429e+01
2.210000000000000000e+02,3.381799924410879754e+01
2.220000000000000000e+02,3.451049922863021635e+01
2.230000000000000000e+02,3.394599924124777601e+01
2.240000000000000000e+02,3.246799927428364896e+01
2.250000000000000000e+02,3.292099926415831135e+01
2.260000000000000000e+02,3.215949928117915846e+01
2.270000000000000000e+02,3.235449927682056881e+01
2.280000000000000000e+02,3.228749927831813693e+01
2.290000000000000000e+02,3.264499927032738924e+01
2.300000000000000000e+02,3.316899925861507370e+01
2.310000000000000000e+02,3.135049929926172041e+01
2.320000000000000000e+02,3.230299927797168635e+01
2.330000000000000000e+02,3.453999922797083855e+01
2.340000000000000000e+02,3.493499921914190054e+01
2.350000000000000000e+02,3.406249923864379525e+01
2.360000000000000000e+02,3.364599924795329855e+01
2.370000000000000000e+02,3.391099924203008698e+01
2.380000000000000000e+02,3.596099919620901630e+01
2.390000000000000000e+02,3.208099928293377445e+01
2.400000000000000000e+02,3.461449922630563236e+01
2.410000000000000000e+02,3.426149923419579579e+01
2.420000000000000000e+02,3.366999924741685390e+01
2.430000000000000000e+02,3.404799923896789693e+01
2.440000000000000000e+02,3.401949923960491873e+01
2.450000000000000000e+02,3.531599921062588976e+01
2.460000000000000000e+02,3.606699919383972741e+01
2.470000000000000000e+02,3.390899924207478477e+01
2.480000000000000000e+02,3.658499918226152658e+01
2.490000000000000000e+02,3.532899921033531143e+01
2.500000000000000000e+02,3.359599924907088564e+01
2.510000000000000000e+02,3.425199923440813876e+01
2.520000000000000000e+02,3.350649925107136085e+01
2.530000000000000000e+02,3.212899928186088516e+01
2.540000000000000000e+02,3.440499923098832369e+01
2.550000000000000000e+02,3.491049921968951963e+01
2.560000000000000000e+02,3.466349922521040128e+01
2.570000000000000000e+02,3.585799919851124429e+01
2.580000000000000000e+02,3.612449919255450226e+01
2.590000000000000000e+02,3.442149923061951711e+01
2.600000000000000000e+02,3.383349924376234696e+01
2.610000000000000000e+02,3.385149924336000993e+01
2.620000000000000000e+02,3.544199920780956603e+01
2.630000000000000000e+02,3.383449924373999096e+01
2.640000000000000000e+02,3.513949921457096792e+01
2.650000000000000000e+02,3.418149923598393514e+01
2.660000000000000000e+02,3.604999919421970844e+01
2.670000000000000000e+02,3.558399920463561728e+01
2.680000000000000000e+02,3.284249926591292024e+01
2.690000000000000000e+02,3.486199922077357627e+01
2.700000000000000000e+02,3.616999919153749943e+01
2.710000000000000000e+02,3.228249927842989564e+01
2.720000000000000000e+02,3.301549926204607033e+01
2.730000000000000000e+02,3.495199921876191951e+01
2.740000000000000000e+02,3.486449922071769691e+01
2.750000000000000000e+02,3.461599922627210901e+01
2.760000000000000000e+02,3.287049926528707289e+01
2.770000000000000000e+02,3.363649924816563441e+01
2.780000000000000000e+02,3.456049922751262926e+01
2.790000000000000000e+02,3.566849920274690078e+01
2.800000000000000000e+02,3.590149919753893926e+01
2.810000000000000000e+02,3.337049925411120199e+01
2.820000000000000000e+02,3.500599921755492971e+01
2.830000000000000000e+02,3.524149921229108884e+01
2.840000000000000000e+02,3.391699924189597226e+01
2.850000000000000000e+02,3.512949921479448534e+01
2.860000000000000000e+02,3.562299920376390361e+01
2.870000000000000000e+02,3.491299921963364028e+01
2.880000000000000000e+02,3.569449920216575123e+01
2.890000000000000000e+02,3.587799919806420945e+01
2.900000000000000000e+02,3.404699923899024583e+01
2.910000000000000000e+02,3.308599926047027395e+01
2.920000000000000000e+02,3.596049919622019075e+01
2.930000000000000000e+02,3.640049918638542437e+01
2.940000000000000000e+02,3.617599919140339182e+01
2.950000000000000000e+02,3.431249923305585980e+01
2.960000000000000000e+02,3.578099920023232983e+01
2.970000000000000000e+02,3.594499919656664133e+01
2.980000000000000000e+02,3.529299921113997840e+01
2.990000000000000000e+02,3.588749919785186648e+01
3.000000000000000000e+02,3.584349919883534596e+01
0.000000000000000000e+00,1.714999961666762718e-01
1.000000000000000000e+00,2.189999951049685367e-01
2.000000000000000000e+00,3.519999921321869119e-01
3.000000000000000000e+00,2.574999942444264889e-01
4.000000000000000000e+00,3.824999914504587650e-01
5.000000000000000000e+00,4.859999891370535008e-01
6.000000000000000000e+00,5.769999871030450089e-01
7.000000000000000000e+00,6.724999849684536457e-01
8.000000000000000000e+00,9.599999785423278809e-01
9.000000000000000000e+00,1.036999976821243674e+00
1.000000000000000000e+01,9.974999777041375637e-01
1.100000000000000000e+01,1.220999972708523229e+00
1.200000000000000000e+01,1.437499967869371176e+00
1.300000000000000000e+01,1.550999965332448438e+00
1.400000000000000000e+01,1.580499964673072189e+00
1.500000000000000000e+01,1.522499965969473124e+00
1.600000000000000000e+01,1.824999959208071232e+00
1.700000000000000000e+01,2.240999949909746825e+00
1.800000000000000000e+01,2.305499948468059390e+00
1.900000000000000000e+01,1.763499960582703308e+00
2.000000000000000000e+01,1.962499956134706736e+00
2.100000000000000000e+01,2.363499947171658455e+00
2.200000000000000000e+01,2.836499936599284233e+00
2.300000000000000000e+01,2.741499938722699703e+00
2.400000000000000000e+01,2.953999933972954572e+00
2.500000000000000000e+01,3.341999925300478846e+00
2.600000000000000000e+01,3.083499931078404366e+00
2.700000000000000000e+01,3.503999921679496588e+00
2.800000000000000000e+01,4.077499908860772848e+00
2.900000000000000000e+01,3.480499922204762786e+00
3.000000000000000000e+01,3.817999914661049932e+00
3.100000000000000000e+01,4.103999908268451513e+00
3.200000000000000000e+01,4.616999896802008507e+00
3.300000000000000000e+01,4.522999898903071525e+00
3.400000000000000000e+01,4.934499889705330489e+00
3.500000000000000000e+01,4.918999890051781954e+00
3.600000000000000000e+01,4.765499893482774141e+00
3.700000000000000000e+01,5.730999871902167975e+00
3.800000000000000000e+01,5.488499877322465359e+00
3.900000000000000000e+01,5.116999885626137612e+00
4.000000000000000000e+01,5.498499877098947941e+00
4.100000000000000000e+01,5.545999876037240206e+00
4.200000000000000000e+01,6.781499848421662868e+00
4.300000000000000000e+01,6.927999845147132518e+00
4.400000000000000000e+01,7.194499839190394042e+00
4.500000000000000000e+01,6.796499848086386741e+00
4.600000000000000000e+01,6.941499844845384182e+00
4.700000000000000000e+01,7.896999823488295434e+00
4.800000000000000000e+01,7.861999824270606396e+00
4.900000000000000000e+01,8.032999820448457839e+00
5.000000000000000000e+01,8.128999818302691693e+00
5.100000000000000000e+01,9.008499798644333367e+00
5.200000000000000000e+01,1.070299976076930726e+01
5.300000000000000000e+01,7.858499824348837315e+00
5.400000000000000000e+01,1.025049977088347042e+01
5.500000000000000000e+01,9.050499797705560567e+00
5.600000000000000000e+01,1.025249977083876729e+01
5.700000000000000000e+01,1.104299975316971505e+01
5.800000000000000000e+01,9.169999795034527779e+00
5.900000000000000000e+01,1.052199976481497323e+01
6.000000000000000000e+01,1.088949975660070812e+01
6.100000000000000000e+01,1.033599976897239614e+01
6.200000000000000000e+01,1.162099974025040794e+01
6.300000000000000000e+01,1.049349976545199681e+01
6.400000000000000000e+01,1.130499974731355906e+01
6.500000000000000000e+01,1.257599971890449453e+01
6.600000000000000000e+01,1.160449974061921274e+01
6.700000000000000000e+01,9.869499779399484751e+00
6.800000000000000000e+01,1.295649971039965820e+01
6.900000000000000000e+01,1.261099971812218357e+01
7.000000000000000000e+01,1.420899968240410161e+01
7.100000000000000000e+01,1.316799970567226374e+01
7.200000000000000000e+01,1.559499965142458677e+01
7.300000000000000000e+01,1.536799965649843180e+01
7.400000000000000000e+01,1.503299966398626530e+01
7.500000000000000000e+01,1.486299966778606141e+01
7.600000000000000000e+01,1.551049965331330860e+01
7.700000000000000000e+01,1.409549968494102323e+01
7.800000000000000000e+01,1.398099968750029731e+01
7.900000000000000000e+01,1.663249962823465466e+01
8.000000000000000000e+01,1.550849965335801173e+01
8.100000000000000000e+01,1.811049959519878172e+01
8.200000000000000000e+01,1.544349965481087494e+01
8.300000000000000000e+01,1.373549969298765028e+01
8.400000000000000000e+01,1.576549964761361444e+01
8.500000000000000000e+01,1.469499967154115438e+01
8.600000000000000000e+01,1.641449963310733295e+01
8.700000000000000000e+01,1.803699959684163190e+01
8.800000000000000000e+01,1.640749963326379657e+01
8.900000000000000000e+01,1.719099961575120616e+01
9.000000000000000000e+01,1.812599959485232759e+01
9.100000000000000000e+01,1.825749959191307425e+01
9.200000000000000000e+01,1.928649956891313266e+01
9.300000000000000000e+01,1.730199961327016211e+01
9.400000000000000000e+01,1.885649957852438163e+01
9.500000000000000000e+01,1.983099955674260784e+01
9.600000000000000000e+01,2.105049952948466085e+01
9.700000000000000000e+01,1.868049958245828890e+01
9.800000000000000000e+01,2.024649954745546054e+01
9.900000000000000000e+01,1.733199961259960986e+01
1.000000000000000000e+02,2.142599952109157968e+01
1.010000000000000000e+02,1.999849955299869109e+01
1.020000000000000000e+02,2.201249950798228383e+01
1.030000000000000000e+02,1.942849956573918391e+01
1.040000000000000000e+02,2.257399949543178153e+01
1.050000000000000000e+02,2.077999953553080559e+01
1.060000000000000000e+02,2.273349949186667729e+01
1.070000000000000000e+02,2.433949945596977926e+01
1.080000000000000000e+02,2.195749950921162963e+01
1.090000000000000000e+02,2.298749948618933558e+01
1.100000000000000000e+02,2.318299948181957149e+01
1.110000000000000000e+02,2.239549949942156815e+01
1.120000000000000000e+02,2.061899953912943673e+01
1.130000000000000000e+02,2.294149948721751642e+01
1.140000000000000000e+02,2.262249949434772134e+01
1.150000000000000000e+02,2.284049948947504305e+01
1.160000000000000000e+02,2.079049953529611372e+01
1.170000000000000000e+02,2.282149948989972543e+01
1.180000000000000000e+02,2.195349950930103589e+01
1.190000000000000000e+02,2.149849951947107840e+01
1.200000000000000000e+02,2.355899947341531586e+01
1.210000000000000000e+02,2.234349950058385659e+01
1.220000000000000000e+02,2.401599946320056844e+01
1.230000000000000000e+02,2.237699949983507253e+01
1.240000000000000000e+02,2.273649949179962348e+01
1.250000000000000000e+02,2.224099950287491012e+01
1.260000000000000000e+02,2.053699954096227742e+01
1.270000000000000000e+02,2.363799947164952897e+01
1.280000000000000000e+02,2.424249945813789964e+01
1.290000000000000000e+02,2.282649948978796672e+01
1.300000000000000000e+02,2.398049946399405741e+01
1.310000000000000000e+02,2.248049949752167009e+01
1.320000000000000000e+02,2.344049947606399797e+01
1.330000000000000000e+02,2.336249947780743241e+01
1.340000000000000000e+02,2.323449948066845394e+01
1.350000000000000000e+02,2.250999949686229229e+01
1.360000000000000000e+02,2.145699952039867497e+01
1.370000000000000000e+02,2.518399943709373545e+01
1.380000000000000000e+02,2.385449946681037403e+01
1.390000000000000000e+02,2.567449942613020397e+01
1.400000000000000000e+02,2.556249942863360047e+01
1.410000000000000000e+02,2.471649944754317474e+01
1.420000000000000000e+02,2.507099943961948085e+01
1.430000000000000000e+02,2.528549943482503437e+01
1.440000000000000000e+02,2.469899944793433022e+01
1.450000000000000000e+02,2.312499948311597109e+01
1.460000000000000000e+02,2.681249940069392323e+01
1.470000000000000000e+02,2.380249946797266603e+01
1.480000000000000000e+02,2.571849942514672804e+01
1.490000000000000000e+02,2.544049943136051439e+01
1.500000000000000000e+02,2.513599943816661764e+01
1.510000000000000000e+02,2.664999940432608128e+01
1.520000000000000000e+02,2.552849942939355898e+01
1.530000000000000000e+02,2.454499945137649775e+01
1.540000000000000000e+02,2.811499937158077955e+01
1.550000000000000000e+02,2.540599943213164735e+01
1.560000000000000000e+02,2.331449947888031460e+01
1.570000000000000000e+02,2.645999940857291222e+01
1.580000000000000000e+02,2.658699940573423959e+01
1.590000000000000000e+02,2.602699941825121499e+01
1.600000000000000000e+02,2.540799943208694600e+01
1.610000000000000000e+02,2.672549940263852619e+01
1.620000000000000000e+02,2.611949941618367887e+01
1.630000000000000000e+02,2.808299937229603671e+01
1.640000000000000000e+02,2.651349940737709332e+01
1.650000000000000000e+02,2.645849940860643912e+01
1.660000000000000000e+02,2.828799936771392964e+01
1.670000000000000000e+02,2.796799937486648702e+01
1.680000000000000000e+02,2.739799938760697984e+01
1.690000000000000000e+02,2.749799938537180566e+01
1.700000000000000000e+02,2.824999936856329441e+01
1.710000000000000000e+02,2.749949938533827520e+01
1.720000000000000000e+02,2.780049937861040377e+01
1.730000000000000000e+02,2.641499940957874060e+01
1.740000000000000000e+02,2.665249940427020192e+01
1.750000000000000000e+02,2.731999938935041428e+01
1.760000000000000000e+02,2.943349934211000729e+01
1.770000000000000000e+02,2.644099940899759460e+01
1.780000000000000000e+02,2.877299935687333488e+01
1.790000000000000000e+02,2.515749943768605590e+01
1.800000000000000000e+02,2.903149935109540891e+01
1.810000000000000000e+02,2.817249937029555440e+01
1.820000000000000000e+02,2.649149940786883306e+01
1.830000000000000000e+02,2.797199937477707721e+01
1.840000000000000000e+02,2.625549941314384483e+01
1.850000000000000000e+02,3.025849932366982031e+01
1.860000000000000000e+02,2.773199938014149524e+01
1.870000000000000000e+02,2.784099937770515609e+01
1.880000000000000000e+02,2.718649939233437252e+01
1.890000000000000000e+02,2.765199938192963458e+01
1.900000000000000000e+02,2.836849936591461230e+01
1.910000000000000000e+02,2.775199937969446040e+01
1.920000000000000000e+02,2.882699935566633798e+01
1.930000000000000000e+02,2.722899939138442349e+01
1.940000000000000000e+02,2.677349940156564045e+01
1.950000000000000000e+02,2.913949934868141867e+01
1.960000000000000000e+02,2.984899933282286000e+01
1.970000000000000000e+02,2.854849936189129878e+01
1.980000000000000000e+02,2.809899937193840813e+01
1.990000000000000000e+02,2.915249934839084744e+01
2.000000000000000000e+02,3.024449932398274399e+01
2.010000000000000000e+02,2.977049933457747244e+01
2.020000000000000000e+02,3.012549932664260410e+01
2.030000000000000000e+02,3.041749932011589408e+01
2.040000000000000000e+02,3.085749931028112769e+01
2.050000000000000000e+02,2.903699935097247220e+01
2.060000000000000000e+02,2.680899940077215504e+01
2.070000000000000000e+02,2.962199933789670325e+01
2.080000000000000000e+02,2.915299934837967299e+01
2.090000000000000000e+02,2.671399940289557051e+01
2.100000000000000000e+02,2.868699935879558183e+01
2.110000000000000000e+02,2.968299933653324985e+01
2.120000000000000000e+02,2.950399934053421092e+01
2.130000000000000000e+02,2.952449934007599808e+01
2.140000000000000000e+02,2.948599934093654085e+01
2.150000000000000000e+02,2.828249936783686280e+01
2.160000000000000000e+02,2.887199935466050960e+01
2.170000000000000000e+02,2.985499933268874884e+01
2.180000000000000000e+02,3.039899932052940201e+01
2.190000000000000000e+02,3.144799929708242558e+01
2.200000000000000000e+02,2.645399940870702338e+01
2.210000000000000000e+02,3.115449930364265896e+01
2.220000000000000000e+02,2.946599934138357568e+01
2.230000000000000000e+02,3.051649931790307235e+01
2.240000000000000000e+02,2.995149933053180646e+01
2.250000000000000000e+02,3.019899932499975037e+01
2.260000000000000000e+02,3.110699930470436669e+01
2.270000000000000000e+02,2.886949935471638895e+01
2.280000000000000000e+02,3.153349929517134953e+01
2.290000000000000000e+02,3.224249927932396531e+01
2.300000000000000000e+02,2.880499935615807772e+01
2.310000000000000000e+02,3.011849932679906416e+01
2.320000000000000000e+02,3.172049929099157595e+01
2.330000000000000000e+02,3.101149930683896017e+01
2.340000000000000000e+02,3.057249931665137410e+01
2.350000000000000000e+02,3.122849930198863078e+01
2.360000000000000000e+02,3.072699931319802857e+01
2.370000000000000000e+02,2.969699933622032262e+01
2.380000000000000000e+02,3.278749926714226604e+01
2.390000000000000000e+02,3.058949931627139307e+01
2.400000000000000000e+02,3.222449927972629524e+01
2.410000000000000000e+02,2.909149934975430440e+01
2.420000000000000000e+02,2.797499937471002340e+01
2.430000000000000000e+02,2.738599938787519861e+01
2.440000000000000000e+02,3.043199931979179240e+01
2.450000000000000000e+02,2.890299935396760844e+01
2.460000000000000000e+02,2.845649936394766044e+01
2.470000000000000000e+02,3.254349927259609387e+01
2.480000000000000000e+02,2.968699933644384004e+01
2.490000000000000000e+02,2.730599938966333795e+01
2.500000000000000000e+02,2.860249936068430543e+01
2.510000000000000000e+02,2.730399938970804286e+01
2.520000000000000000e+02,2.743099938686937023e+01
2.530000000000000000e+02,3.001449932912364460e+01
2.540000000000000000e+02,2.829549936754629158e+01
2.550000000000000000e+02,2.945899934154003930e+01
2.560000000000000000e+02,2.699649939658120346e+01
2.570000000000000000e+02,3.010699932705610848e+01
2.580000000000000000e+02,2.437599945515394140e+01
2.590000000000000000e+02,2.631599941179156232e+01
2.600000000000000000e+02,2.693099939804524112e+01
2.610000000000000000e+02,2.727649939032271575e+01
2.620000000000000000e+02,2.855049936184659742e+01
2.630000000000000000e+02,2.841749936481937766e+01
2.640000000000000000e+02,2.723349939128383923e+01
2.650000000000000000e+02,2.822199936918914176e+01
2.660000000000000000e+02,2.990699933152645684e+01
2.670000000000000000e+02,2.723399939127266478e+01
2.680000000000000000e+02,2.597399941943585944e+01
2.690000000000000000e+02,2.743749938672408462e+01
2.700000000000000000e+02,2.797749937465414405e+01
2.710000000000000000e+02,2.620599941425025392e+01
2.720000000000000000e+02,2.964449933739378906e+01
2.730000000000000000e+02,2.856999936141073704e+01
2.740000000000000000e+02,2.856049936162308001e+01
2.750000000000000000e+02,2.499749944126233459e+01
2.760000000000000000e+02,2.617099941503256488e+01
2.770000000000000000e+02,2.730749938962981105e+01
2.780000000000000000e+02,2.796599937491118837e+01
2.790000000000000000e+02,3.093799930848181390e+01
2.800000000000000000e+02,2.503999944031238556e+01
2.810000000000000000e+02,2.864649935970082950e+01
2.820000000000000000e+02,2.658549940576777004e+01
2.830000000000000000e+02,2.800549937402829670e+01
2.840000000000000000e+02,2.793999937549233437e+01
2.850000000000000000e+02,2.796699937488883592e+01
2.860000000000000000e+02,2.601049941862002157e+01
2.870000000000000000e+02,2.570849942537024546e+01
2.880000000000000000e+02,2.528699943479150392e+01
2.890000000000000000e+02,2.585149942217394781e+01
2.900000000000000000e+02,2.823499936889857054e+01
2.910000000000000000e+02,3.056149931689724397e+01
2.920000000000000000e+02,2.761199938282370425e+01
2.930000000000000000e+02,2.835449936622753597e+01
2.940000000000000000e+02,3.097349930768832493e+01
2.950000000000000000e+02,3.014599932618439126e+01
2.960000000000000000e+02,2.563099942710250545e+01
2.970000000000000000e+02,2.852149936249479723e+01
2.980000000000000000e+02,2.738149938797578287e+01
2.990000000000000000e+02,2.953599933981895376e+01
3.000000000000000000e+02,3.146799929663539075e+01
0.000000000000000000e+00,1.604999964125454481e-01
1.000000000000000000e+00,1.384999969042837731e-01
2.000000000000000000e+00,3.694999917410314305e-01
3.000000000000000000e+00,2.854999936185776965e-01
4.000000000000000000e+00,5.849999869242310524e-01
5.000000000000000000e+00,7.834999824874102625e-01
6.000000000000000000e+00,5.839999869465828386e-01
7.000000000000000000e+00,9.279999792575835960e-01
8.000000000000000000e+00,9.884999779053031954e-01
9.000000000000000000e+00,1.085999975726008371e+00
1.000000000000000000e+01,9.834999780170619044e-01
1.100000000000000000e+01,1.448999967612326190e+00
1.200000000000000000e+01,1.021499977167695805e+00
1.300000000000000000e+01,1.539499965589493424e+00
1.400000000000000000e+01,1.332999970205128282e+00
1.500000000000000000e+01,1.240999972261488393e+00
1.600000000000000000e+01,1.400499968696385711e+00
1.700000000000000000e+01,1.650499963108450263e+00
1.800000000000000000e+01,1.656499962974339768e+00
1.900000000000000000e+01,1.801999959722161204e+00
2.000000000000000000e+01,1.737999961152672856e+00
2.100000000000000000e+01,1.752499960828572512e+00
2.200000000000000000e+01,1.714999961666762829e+00
2.300000000000000000e+01,1.644499963242560536e+00
2.400000000000000000e+01,1.691999962180852801e+00
2.500000000000000000e+01,1.877999958023429006e+00
2.600000000000000000e+01,1.851499958615750119e+00
2.700000000000000000e+01,1.923499957006424621e+00
2.800000000000000000e+01,2.750999938510358511e+00
2.900000000000000000e+01,2.545999943092465578e+00
3.000000000000000000e+01,2.594499942008405835e+00
3.100000000000000000e+01,2.568499942589551388e+00
3.200000000000000000e+01,2.158499951753765522e+00
3.300000000000000000e+01,2.229999950155615807e+00
3.400000000000000000e+01,2.735999938845634638e+00
3.500000000000000000e+01,2.453999945148825468e+00
3.600000000000000000e+01,2.439499945472925813e+00
3.700000000000000000e+01,2.552999942936003297e+00
3.800000000000000000e+01,2.425999945774674593e+00
3.900000000000000000e+01,2.784499937761574895e+00
4.000000000000000000e+01,2.424999945797026157e+00
4.100000000000000000e+01,2.610999941639602362e+00
4.200000000000000000e+01,2.842999936453998178e+00
4.300000000000000000e+01,2.746999938599765212e+00
4.400000000000000000e+01,2.998999932967126192e+00
4.500000000000000000e+01,3.109999930486083031e+00
4.600000000000000000e+01,3.176499928999692024e+00
4.700000000000000000e+01,2.963999933749437155e+00
4.800000000000000000e+01,3.253999927267432035e+00
4.900000000000000000e+01,2.941499934252351345e+00
5.000000000000000000e+01,2.919999934732913971e+00
5.100000000000000000e+01,3.091499930899590076e+00
5.200000000000000000e+01,3.376499924529343666e+00
5.300000000000000000e+01,3.359999924898147583e+00
5.400000000000000000e+01,3.685499917622655719e+00
5.500000000000000000e+01,3.562999920360744088e+00
5.600000000000000000e+01,4.015999910235405146e+00
5.700000000000000000e+01,3.634499918762594373e+00
5.800000000000000000e+01,4.178999906592070879e+00
5.900000000000000000e+01,3.592499919701367617e+00
6.000000000000000000e+01,3.407499923836439848e+00
6.100000000000000000e+01,3.724499916750937611e+00
6.200000000000000000e+01,4.301999903842807171e+00
6.300000000000000000e+01,3.972999911196529954e+00
6.400000000000000000e+01,4.265999904647469698e+00
6.500000000000000000e+01,4.876999890990555642e+00
6.600000000000000000e+01,4.827999892085790279e+00
6.700000000000000000e+01,4.754999893717467785e+00
6.800000000000000000e+01,4.978499888721853672e+00
6.900000000000000000e+01,4.902499890420585871e+00
7.000000000000000000e+01,5.622499874327331781e+00
7.100000000000000000e+01,5.022999887727200630e+00
7.200000000000000000e+01,5.566499875579029144e+00
7.300000000000000000e+01,5.620499874372034910e+00
7.400000000000000000e+01,5.371499879937618793e+00
7.500000000000000000e+01,5.065499886777251604e+00
7.600000000000000000e+01,5.168999884463846506e+00
7.700000000000000000e+01,5.654499873612076399e+00
7.800000000000000000e+01,5.693499872740358292e+00
7.900000000000000000e+01,5.788499870616942822e+00
8.000000000000000000e+01,5.303499881457537590e+00
8.100000000000000000e+01,6.116499863285571159e+00
8.200000000000000000e+01,5.753499871399253784e+00
8.300000000000000000e+01,6.615499852132051828e+00
8.400000000000000000e+01,6.335499858390539529e+00
8.500000000000000000e+01,6.512999854423105361e+00
8.600000000000000000e+01,6.262999860011040809e+00
8.700000000000000000e+01,7.080999841727316557e+00
8.800000000000000000e+01,6.859499846678227541e+00
8.900000000000000000e+01,6.439999856054782867e+00
9.000000000000000000e+01,6.789499848242849467e+00
9.100000000000000000e+01,7.101499841269105495e+00
9.200000000000000000e+01,7.426499834004789413e+00
9.300000000000000000e+01,6.723499849718064247e+00
9.400000000000000000e+01,8.024999820627272129e+00
9.500000000000000000e+01,7.675499828439205530e+00
9.600000000000000000e+01,7.611499829869717182e+00
9.700000000000000000e+01,8.311999814212322590e+00
9.800000000000000000e+01,7.507499832194298506e+00
9.900000000000000000e+01,8.744499804545194266e+00
1.000000000000000000e+02,8.794999803416430950e+00
1.010000000000000000e+02,9.440499788988381269e+00
1.020000000000000000e+02,8.454499811027199385e+00
1.030000000000000000e+02,9.438499789033084397e+00
1.040000000000000000e+02,8.049999820068478584e+00
1.050000000000000000e+02,1.070649976069107723e+01
1.060000000000000000e+02,7.988999821431934656e+00
1.070000000000000000e+02,8.760999804176389461e+00
1.080000000000000000e+02,9.988999776728451963e+00
1.090000000000000000e+02,9.375999790430068259e+00
1.100000000000000000e+02,1.040899976734072041e+01
1.110000000000000000e+02,9.730499782506376150e+00
1.120000000000000000e+02,1.207499973010271788e+01
1.130000000000000000e+02,1.011649977387860488e+01
1.140000000000000000e+02,1.082999975793063641e+01
1.150000000000000000e+02,1.039099976774305034e+01
1.160000000000000000e+02,1.100549975400790537e+01
1.170000000000000000e+02,1.012049977378919685e+01
1.180000000000000000e+02,1.009199977442622220e+01
1.190000000000000000e+02,9.542999786697327735e+00
1.200000000000000000e+02,9.696499783266336436e+00
1.210000000000000000e+02,1.047299976591020787e+01
1.220000000000000000e+02,1.007599977478384901e+01
1.230000000000000000e+02,1.081299975831061566e+01
1.240000000000000000e+02,1.042899976689368557e+01
1.250000000000000000e+02,1.083649975778535079e+01
1.260000000000000000e+02,1.098699975442141330e+01
1.270000000000000000e+02,9.730499782506376150e+00
1.280000000000000000e+02,1.122349974913522530e+01
1.290000000000000000e+02,1.129399974755942893e+01
1.300000000000000000e+02,1.089699975643307006e+01
1.310000000000000000e+02,1.187249973462894559e+01
1.320000000000000000e+02,1.142399974465370249e+01
1.330000000000000000e+02,9.385499790217727067e+00
1.340000000000000000e+02,9.504499787557870505e+00
1.350000000000000000e+02,1.170749973831698298e+01
1.360000000000000000e+02,1.198149973219260644e+01
1.370000000000000000e+02,1.115899975057691407e+01
1.380000000000000000e+02,1.271399971581995558e+01
1.390000000000000000e+02,1.212249972904101014e+01
1.400000000000000000e+02,1.218799972757697070e+01
1.410000000000000000e+02,1.248499972093850374e+01
1.420000000000000000e+02,1.270899971593171429e+01
1.430000000000000000e+02,1.246699972134083545e+01
1.440000000000000000e+02,1.252349972007796097e+01
1.450000000000000000e+02,1.143549974439665640e+01
1.460000000000000000e+02,1.308199970759451425e+01
1.470000000000000000e+02,1.140399974510073733e+01
1.480000000000000000e+02,1.274099971521645713e+01
1.490000000000000000e+02,1.323799970410764182e+01
1.500000000000000000e+02,1.068699976112693584e+01
1.510000000000000000e+02,1.332149970224127244e+01
1.520000000000000000e+02,1.342399969995021891e+01
1.530000000000000000e+02,1.323849970409646559e+01
1.540000000000000000e+02,1.300849970923736620e+01
1.550000000000000000e+02,1.340899970028549504e+01
1.560000000000000000e+02,1.408099968526512313e+01
1.570000000000000000e+02,1.243049972215667331e+01
1.580000000000000000e+02,1.247449972117319739e+01
1.590000000000000000e+02,1.358249969640746713e+01
1.600000000000000000e+02,1.221399972699582648e+01
1.610000000000000000e+02,1.495149966580793333e+01
1.620000000000000000e+02,1.434999967925250530e+01
1.630000000000000000e+02,1.192649973342195224e+01
1.640000000000000000e+02,1.431149968011304807e+01
1.650000000000000000e+02,1.306499970797449350e+01
1.660000000000000000e+02,1.264399971738457751e+01
1.670000000000000000e+02,1.334499970171600580e+01
1.680000000000000000e+02,1.431499968003481627e+01
1.690000000000000000e+02,1.374449969278648531e+01
1.700000000000000000e+02,1.432099967990070510e+01
1.710000000000000000e+02,1.417849968308582831e+01
1.720000000000000000e+02,1.475099967028945613e+01
1.730000000000000000e+02,1.416249968344345689e+01
1.740000000000000000e+02,1.378199969194829499e+01
1.750000000000000000e+02,1.511399966217577528e+01
1.760000000000000000e+02,1.541549965543672407e+01
1.770000000000000000e+02,1.524149965932592821e+01
1.780000000000000000e+02,1.320549970483407343e+01
1.790000000000000000e+02,1.573249964835122228e+01
1.800000000000000000e+02,1.366099969465285469e+01
1.810000000000000000e+02,1.619649963798001480e+01
1.820000000000000000e+02,1.457699967417866027e+01
1.830000000000000000e+02,1.451549967555329168e+01
1.840000000000000000e+02,1.442299967762082780e+01
1.850000000000000000e+02,1.455349967470392514e+01
1.860000000000000000e+02,1.631049963543191694e+01
1.870000000000000000e+02,1.640299963336438083e+01
1.880000000000000000e+02,1.536799965649843180e+01
1.890000000000000000e+02,1.652299963068217181e+01
1.900000000000000000e+02,1.588449964495375788e+01
1.910000000000000000e+02,1.585199964568018949e+01
1.920000000000000000e+02,1.458349967403337288e+01
1.930000000000000000e+02,1.521449965992942488e+01
1.940000000000000000e+02,1.435299967918544972e+01
1.950000000000000000e+02,1.587399964518845152e+01
1.960000000000000000e+02,1.475049967030063236e+01
1.970000000000000000e+02,1.438149967854842615e+01
1.980000000000000000e+02,1.466499967221170664e+01
1.990000000000000000e+02,1.600299964230507754e+01
2.000000000000000000e+02,1.769749960443004966e+01
2.010000000000000000e+02,1.515599966123700071e+01
2.020000000000000000e+02,1.669099962692707706e+01
2.030000000000000000e+02,1.680549962436780476e+01
2.040000000000000000e+02,1.661899962853640389e+01
2.050000000000000000e+02,1.646149963205680322e+01
2.060000000000000000e+02,1.714349961681291390e+01
2.070000000000000000e+02,1.495849966565146971e+01
2.080000000000000000e+02,1.772049960391596102e+01
2.090000000000000000e+02,1.616699963863938905e+01
2.100000000000000000e+02,1.581899964641779732e+01
2.110000000000000000e+02,1.625099963676184345e+01
2.120000000000000000e+02,1.846499958727508783e+01
2.130000000000000000e+02,1.918199957124888755e+01
2.140000000000000000e+02,1.976499955821782351e+01
2.150000000000000000e+02,1.708299961816519641e+01
2.160000000000000000e+02,1.991449955487623669e+01
2.170000000000000000e+02,2.170749951479956508e+01
2.180000000000000000e+02,2.138699952196329690e+01
2.190000000000000000e+02,1.782199960164725638e+01
2.200000000000000000e+02,1.668849962698295641e+01
2.210000000000000000e+02,1.719199961572885371e+01
2.220000000000000000e+02,2.002949955230578638e+01
2.230000000000000000e+02,2.000599955283105302e+01
2.240000000000000000e+02,1.993299955446273231e+01
2.250000000000000000e+02,2.294799948707223081e+01
2.260000000000000000e+02,2.029149954644963216e+01
2.270000000000000000e+02,1.994449955420568443e+01
2.280000000000000000e+02,1.865949958292767263e+01
2.290000000000000000e+02,2.163599951639771390e+01
2.300000000000000000e+02,2.274249949166551232e+01
2.310000000000000000e+02,2.204349950728937912e+01
2.320000000000000000e+02,2.223849950293078948e+01
2.330000000000000000e+02,2.149149951962754201e+01
2.340000000000000000e+02,2.241349949901923466e+01
2.350000000000000000e+02,2.140949952146038271e+01
2.360000000000000000e+02,2.107999952882528305e+01
2.370000000000000000e+02,2.000299955289811038e+01
2.380000000000000000e+02,2.416049945997074389e+01
2.390000000000000000e+02,2.113499952759593725e+01
2.400000000000000000e+02,1.932099956814199615e+01
2.410000000000000000e+02,2.030999954603612423e+01
2.420000000000000000e+02,2.211749950563535094e+01
2.430000000000000000e+02,1.971099955942481685e+01
2.440000000000000000e+02,2.202399950772523951e+01
2.450000000000000000e+02,1.896249957615509629e+01
2.460000000000000000e+02,2.150749951926991343e+01
2.470000000000000000e+02,2.210499950591474771e+01
2.480000000000000000e+02,2.125849952483549643e+01
2.490000000000000000e+02,2.274799949154257916e+01
2.500000000000000000e+02,2.231949950112029768e+01
2.510000000000000000e+02,1.756699960734695054e+01
2.520000000000000000e+02,2.198999950848519802e+01
2.530000000000000000e+02,2.005349955176934529e+01
2.540000000000000000e+02,2.119449952626600719e+01
2.550000000000000000e+02,2.099849953064694930e+01
2.560000000000000000e+02,2.182599951215088296e+01
2.570000000000000000e+02,2.148549951976165318e+01
2.580000000000000000e+02,2.195399950928986144e+01
2.590000000000000000e+02,2.355099947359412837e+01
2.600000000000000000e+02,2.231349950125440884e+01
2.610000000000000000e+02,2.564299942683428668e+01
2.620000000000000000e+02,2.354149947380647134e+01
2.630000000000000000e+02,2.249049949729815268e+01
2.640000000000000000e+02,2.136899952236563038e+01
2.650000000000000000e+02,2.461099944990128208e+01
2.660000000000000000e+02,2.458449945049360252e+01
2.670000000000000000e+02,2.573449942478909946e+01
2.680000000000000000e+02,2.404299946259707355e+01
2.690000000000000000e+02,2.435599945560097623e+01
2.700000000000000000e+02,2.583349942257627774e+01
2.710000000000000000e+02,2.428049945728853487e+01
2.720000000000000000e+02,2.781849937820807028e+01
2.730000000000000000e+02,2.547749943053349853e+01
2.740000000000000000e+02,2.577599942386150289e+01
2.750000000000000000e+02,2.678349940134212304e+01
2.760000000000000000e+02,2.765199938192963458e+01
2.770000000000000000e+02,2.590649942094460201e+01
2.780000000000000000e+02,2.658799940571189069e+01
2.790000000000000000e+02,2.545249943109229207e+01
2.800000000000000000e+02,2.588949942132457949e+01
2.810000000000000000e+02,2.663399940468370986e+01
2.820000000000000000e+02,2.764799938201904439e+01
2.830000000000000000e+02,2.509699943903833486e+01
2.840000000000000000e+02,3.130099930036812950e+01
2.850000000000000000e+02,2.738799938783049726e+01
2.860000000000000000e+02,2.872549935793504261e+01
2.870000000000000000e+02,2.882999935559928417e+01
2.880000000000000000e+02,2.953299933988601111e+01
2.890000000000000000e+02,2.892199935354292251e+01
2.900000000000000000e+02,2.870199935846030570e+01
2.910000000000000000e+02,3.048149931868538332e+01
2.920000000000000000e+02,2.526649943524971675e+01
2.930000000000000000e+02,2.738899938780814480e+01
2.940000000000000000e+02,3.055799931697547578e+01
2.950000000000000000e+02,2.900049935178831362e+01
2.960000000000000000e+02,2.968749933643266559e+01
2.970000000000000000e+02,2.886649935478344631e+01
2.980000000000000000e+02,2.866449935929849602e+01
2.990000000000000000e+02,2.682649940038099956e+01
3.000000000000000000e+02,2.881449935594573475e+01
